,pdb_name,entry,vh_chain,antigen_chains,H_FR,vh_seq,vh_seq_fasta_numbered,H_CDR1,H_CDR2,H_CDR3,pdb,date,year,H_CDR3_seq,chain_break_num
1666,8gq5_K-k,8gq5,H,A,1-25+33-51+57-97+102-112,AVQLVESGGGLVQPGGSLRLSCAASVSISRIYVMAWYRQAPGKQREVVAVIRYDGTTNYPDSVKGRFTISRDNAKNTVYLQMNSLKPEDTAVYYCNANVETWGQGTQVTVSS,AVQLVESGGGLVQPGGSLRLSCAASVSISRIYVMAWYRQAPGKQREVVAVIRYDGTTNYPDSVKGRFTISRDNAKNTVYLQMNSLKPEDTAVYYCNANVETWGQGTQVTVSS,26-32,52-56,98-101,8gq5,2023-01-18,2023,NVET,0
1686,7wn0_A-B,7wn0,H,A,1-25+33-51+57-97+113-123,QLQLVESGGGLVQAGGSLRLSCAASGSTSNINVMGWYRQAPGKQRELVATISSGDALNYANSVEGRFTISRDAAKNTVYLQMNSLKPEDSAVYICNAYVVSSYGYRASWNDYWGQGTQVTVSS,QLQLVESGGGLVQAGGSLRLSCAASGSTSNINVMGWYRQAPGKQRELVATISSGDALNYANSVEGRFTISRDAAKNTVYLQMNSLKPEDSAVYICNAYVVSSYGYRASWNDYWGQGTQVTVSS,26-32,52-56,98-112,7wn0,2023-02-01,2023,YVVSSYGYRASWNDY,0
1687,7wn1_A-C,7wn1,H,A,1-25+33-51+57-97+112-122,QVQLVESGGGLVQPGGSLRLSCAASGFTGSINYMGWYRQAPGKQRELVARFSSGGSTNYADSVKGRFTISGDNAKNTVYLQMNSLKPEDTAVYYCNAETISYVYTVVFQDYWGQGTQVTVSS,QVQLVESGGGLVQPGGSLRLSCAASGFTGSINYMGWYRQAPGKQRELVARFSSGGSTNYADSVKGRFTISGDNAKNTVYLQMNSLKPEDTAVYYCNAETISYVYTVVFQDYWGQGTQVTVSS,26-32,52-56,98-111,7wn1,2023-02-01,2023,ETISYVYTVVFQDY,0
1688,8h3y_C-E,8h3y,H,A,1-25+33-51+58-98+111-121,QVQLQESGGGLVQAGGSLRLSCTYSGQTFSAWAMGWFRQAPGKERETVATINWNGERTQYADAVKGRFTISRDNAKDTVYLEMNSLKPEDTAVYYCASMMGTYYSGSPKNWGQGTQVTVSS,QVQLQESGGGLVQAGGSLRLSCTYSGQTFSAWAMGWFRQAPGKERETVATINWNGERTQYADAVKGRFTISRDNAKDTVYLEMNSLKPEDTAVYYCASMMGTYYSGSPKNWGQGTQVTVSS,26-32,52-57,99-110,8h3y,2023-02-08,2023,MMGTYYSGSPKN,0
1690,8h3x_C-A,8h3x,H,A,1-25+33-51+58-98+112-122,QVQLQESGGGLVQPGGSLRLSCAASGFTFSRYTMTWVRQAPGKGLEWVSNINSDGGRTYYADSVKGRFTISRDNTKNTLYLQMNSLKPEDTAVYYCAIPKRTYVPPSQFDDRGQGTQVTVSS,QVQLQESGGGLVQPGGSLRLSCAASGFTFSRYTMTWVRQAPGKGLEWVSNINSDGGRTYYADSVKGRFTISRDNTKNTLYLQMNSLKPEDTAVYYCAIPKRTYVPPSQFDDRGQGTQVTVSS,26-32,52-57,99-111,8h3x,2023-02-08,2023,PKRTYVPPSQFDD,0
1702,8c3l_C-D,8c3l,H,A,1-25+33-51+57-97+101-111,QVQLVESGGGLVQSGGSLRLSCAASGSIFRTTGMNWYRQTPEKQREWVALITSHGTTSYAASVEGRFTISRDSAGTTVYLQMNSLKPEDAGVYYCTTRGYWGQGTQVTVSS,QVQLVESGGGLVQSGGSLRLSCAASGSIFRTTGMNWYRQTPEKQREWVALITSHGTTSYAASVEGRFTISRDSAGTTVYLQMNSLKPEDAGVYYCTTRGYWGQGTQVTVSS,26-32,52-56,98-100,8c3l,2023-03-15,2023,RGY,0
1709,8en2_A-D,8en2,H,A,1-25+33-51+58-98+116-126,QVQLQESGGGLVQAGGSLRLSCAASGLTFSTNGMGWFRQAPGKEREFVFGVNWNGGNSYVADSVKGRFTISRDNAKNTVYLQMNSLKLEDTAVYYCAAKMGRRLAVSRTLEEYDFRGQGTQVTVSS,QVQLQESGGGLVQAGGSLRLSCAASGLTFSTNGMGWFRQAPGKEREFVFGVNWNGGNSYVADSVKGRFTISRDNAKNTVYLQMNSLKLEDTAVYYCAAKMGRRLAVSRTLEEYDFRGQGTQVTVSS,26-32,52-57,99-115,8en2,2023-03-15,2023,KMGRRLAVSRTLEEYDF,0
1711,8en3_B-D,8en3,H,A,1-25+33-51+58-98+114-123,QVQLQESGGGLVQAGGSLRLSCTVSGRTDSESTMGWFRQAAGKGREFVAAMNWRYATTYHTDSVKGRFTISKDSAKNTMYLQMNSLKPEDTAVYYCAHRYIYGSLSDSGSYDNWGQGTQVTVS,QVQLQESGGGLVQAGGSLRLSCTVSGRTDSESTMGWFRQAAGKGREFVAAMNWRYATTYHTDSVKGRFTISKDSAKNTMYLQMNSLKPEDTAVYYCAHRYIYGSLSDSGSYDNWGQGTQVTVSS,26-32,52-57,99-113,8en3,2023-03-15,2023,RYIYGSLSDSGSYDN,0
1712,8emz_A-B,8emz,H,A,1-25+33-51+58-98+118-128,QVQLQESGGGLVQAGGSLRLSCAASGRFFSSYAMGWFRQAPGKEREFVAAISWSGGSTYYADSVKGRFTTSRDNAKNTVYLLMNSLKPEDTAVYYCAAAREGAYYPDSYYRTVRYDYWGQGTQVTVSS,QVQLQESGGGLVQAGGSLRLSCAASGRFFSSYAMGWFRQAPGKEREFVAAISWSGGSTYYADSVKGRFTTSRDNAKNTVYLLMNSLKPEDTAVYYCAAAREGAYYPDSYYRTVRYDYWGQGTQVTVSS,26-32,52-57,99-117,8emz,2023-03-15,2023,AREGAYYPDSYYRTVRYDY,0
1713,8en0_A-D,8en0,H,A,1-25+33-51+58-98+107-117,QVQLQESGGGLVQAGGSLRLSCAASGRTFSSYRMGWYRQAPGKEREFVAAITGSGDSTNYADSVKGRFTVSGNSARNLVYLQMNSLKPEDTAVYLCVAYRTGGPPQWGQGTQVTVSS,QVQLQESGGGLVQAGGSLRLSCAASGRTFSSYRMGWYRQAPGKEREFVAAITGSGDSTNYADSVKGRFTVSGNSARNLVYLQMNSLKPEDTAVYLCVAYRTGGPPQWGQGTQVTVSS,26-32,52-57,99-106,8en0,2023-03-15,2023,YRTGGPPQ,0
1723,8bzy_A-B,8bzy,H,A,1-24+32-50+57-97+110-120,VQLVESGGGLVQAGGSLRLSCAASGFPVAWNEMRWYRQAPGKEREWVAAIASIGVTTYYADSVKGRFTISRDNAKNTVYLQMNSLKPEDTAVYYCNVKDYGMAFWYYDYWGQGTQVTVSA,QVQLVESGGGLVQAGGSLRLSCAASGFPVAWNEMRWYRQAPGKEREWVAAIASIGVTTYYADSVKGRFTISRDNAKNTVYLQMNSLKPEDTAVYYCNVKDYGMAFWYYDYWGQGTQVTVSA,25-31,51-56,98-109,8bzy,2023-03-22,2023,KDYGMAFWYYDY,0
1728,8f8w_B-C,8f8w,H,A,1-25+33-51+57-97+110-120,QVQLQESGGGLVQAGGSLRLSCAASPGISRYKTMGWYRQAPGKERSFVAAITWGGLTYYADSVKGRFTVSRDNAKNTVYLQMNSLKPEDTAVYYCSVDGGTRADPYHYYWGQGTQVTVSS,QVQLQESGGGLVQAGGSLRLSCAASPGISRYKTMGWYRQAPGKERSFVAAITWGGLTYYADSVKGRFTVSRDNAKNTVYLQMNSLKPEDTAVYYCSVDGGTRADPYHYYWGQGTQVTVSS,26-32,52-56,98-109,8f8w,2023-03-29,2023,DGGTRADPYHYY,0
1739,7uia_A-B,7uia,H,A,1-24+32-50+57-97+118-128,LQLVETGGGLVKPGGSLRLSCVVSGFTFDDYRMAWVRQAPGKELEWVSSIDSWSINTYYEDSVKGRFTISTDNAKNTLYLQMSSLKPEDTAVYYCAAEDRLGVPTINAHPSKYDYNYWGQGTQVTVSS,QLQLVETGGGLVKPGGSLRLSCVVSGFTFDDYRMAWVRQAPGKELEWVSSIDSWSINTYYEDSVKGRFTISTDNAKNTLYLQMSSLKPEDTAVYYCAAEDRLGVPTINAHPSKYDYNYWGQGTQVTVSS,25-31,51-56,98-117,7uia,2023-04-05,2023,EDRLGVPTINAHPSKYDYNY,0
1742,8ont_A-B,8ont,H,A,1-25+33-51+58-98+112-120,QWQLVESGGGLVQAGGSLRLSCVGSGRAFSSGAMGWFRQTPGQEREFVAAISWSGGSTVYAESVKGRFTISMDNAKNTVYLRMNSLQPEDTAVYYCAAGTSTFALRRSPEYWGKGTPVTV,QWQLVESGGGLVQAGGSLRLSCVGSGRAFSSGAMGWFRQTPGQEREFVAAISWSGGSTVYAESVKGRFTISMDNAKNTVYLRMNSLQPEDTAVYYCAAGTSTFALRRSPEYWGKGTPVTVSS,26-32,52-57,99-111,8ont,2023-04-12,2023,GTSTFALRRSPEY,0
1746,8sbb_A-B,8sbb,H,A,1-25+33-51+57-97+112-119,QVQLQESGGGLVQAGGSLRLSCAASGTISRYWTMGWYRQAPGKERELVAGISEGGSTNYADSVKGRFTISRDNAKNTVYLQMNSLKPEDTAVYYCAVTYRGPWFNRDPHYYWGQGTQVT,QVQLQESGGGLVQAGGSLRLSCAASGTISRYWTMGWYRQAPGKERELVAGISEGGSTNYADSVKGRFTISRDNAKNTVYLQMNSLKPEDTAVYYCAVTYRGPWFNRDPHYYWGQGTQVTVSS,26-32,52-56,98-111,8sbb,2023-04-26,2023,TYRGPWFNRDPHYY,0
1752,8bb7_A-C,8bb7,H,A,1-24+32-50+57-97+113-121,VQLQESGGGLVQPGGSLRLSCAASGFRLDYYAIGWFRQAPGKEREGVLCISSSGGSINYADSVKGRFTISRDNAKNTVYLQMNSLKPEDTAVYYCGASSYNTQRAECYGMDYWGKGTQVTV,QVQLQESGGGLVQPGGSLRLSCAASGFRLDYYAIGWFRQAPGKEREGVLCISSSGGSINYADSVKGRFTISRDNAKNTVYLQMNSLKPEDTAVYYCGASSYNTQRAECYGMDYWGKGTQVTVSA,25-31,51-56,98-112,8bb7,2023-05-03,2023,SSYNTQRAECYGMDY,0
1754,8bf4_F-D,8bf4,H,A,1-24+32-50+57-97+107-117,VQLQESGGGLVQAGGSLRLSCAASGFTLGYYAIGWFRQAPGKEREEVSCINASGGSTFYEDSVKGRFTISRDNAKNTVFLQMNRLKPEDTAVYYCAAACEVVAVGYWGQGTQVTVSA,QVQLQESGGGLVQAGGSLRLSCAASGFTLGYYAIGWFRQAPGKEREEVSCINASGGSTFYEDSVKGRFTISRDNAKNTVFLQMNRLKPEDTAVYYCAAACEVVAVGYWGQGTQVTVSA,25-31,51-56,98-106,8bf4,2023-05-03,2023,ACEVVAVGY,0
1763,7xli_A-B,7xli,H,A,1-25+36-54+61-101+115-125,ELQLVESGGGLVQPGGSLSLSCEVSGFSFDDVDNFIIAWFRQAPGKEREGVSFLRKYDMSTYYAESVKGRFTISSDNARDTVYLQMTNLKPEDTAVYYCALDREGFVFEQGMDFWGKGTQVTVSS,ELQLVESGGGLVQPGGSLSLSCEVSGFSFDDVDNFIIAWFRQAPGKEREGVSFLRKYDMSTYYAESVKGRFTISSDNARDTVYLQMTNLKPEDTAVYYCALDREGFVFEQGMDFWGKGTQVTVSS,26-35,55-60,102-114,7xli,2023-05-31,2023,DREGFVFEQGMDF,0
1769,8aok_A-B,8aok,H,A,1-25+33-51+58-98+117-127,EVQLVESGGGLVQAGGSLRLSCAASGRTFSNYHMAWFRQAPGKEREFVAGISWTGRGTYYTDSVKGRFTISRDNAKNTVYLQMNSLKPEDTAVYYCAAEGTLYGSGGRTHQSAYDYWGQGTQVTVSS,EVQLVESGGGLVQAGGSLRLSCAASGRTFSNYHMAWFRQAPGKEREFVAGISWTGRGTYYTDSVKGRFTISRDNAKNTVYLQMNSLKPEDTAVYYCAAEGTLYGSGGRTHQSAYDYWGQGTQVTVSS,26-32,52-57,99-116,8aok,2023-06-14,2023,EGTLYGSGGRTHQSAYDY,0
1771,8aom_A-V,8aom,H,A,1-25+33-51+57-97+108-118,EVQLVESGGGLVQAGGSLRLSCAASGSISSRDVMRWYRQAPGKQRELVASISSGGGTYYVDSVKGRFTISRDNAENTLYLQMNSLKPEDTAVYYCWDLGHRPYFKDYWGQGTQVTVSS,EVQLVESGGGLVQAGGSLRLSCAASGSISSRDVMRWYRQAPGKQRELVASISSGGGTYYVDSVKGRFTISRDNAENTLYLQMNSLKPEDTAVYYCWDLGHRPYFKDYWGQGTQVTVSS,26-32,52-56,98-107,8aom,2023-06-14,2023,LGHRPYFKDY,0
1774,8j1n_A-B,8j1n,H,A,1-25+33-51+58-98+111-121,QVQLVESGGGLVQAGGSLRLSCAASGFPVMYYNMHWYRQAPGKEREWVAAIESTGWWAHYADSVKGRFTISRDNAKNTVYLQMNSLKPEDTAVYYCNVKDFGWRWEAYDYWGQGTQVTVSS,QVQLVESGGGLVQAGGSLRLSCAASGFPVMYYNMHWYRQAPGKEREWVAAIESTGWWAHYADSVKGRFTISRDNAKNTVYLQMNSLKPEDTAVYYCNVKDFGWRWEAYDYWGQGTQVTVSS,26-32,52-57,99-110,8j1n,2023-06-21,2023,KDFGWRWEAYDY,0
1778,8im0_A-B,8im0,H,A,1-25+33-51+57-97+111-121,QVQLVESGGGLVQAGGSLRLSCAVSGRPFSEYNLGWFRQAPGKEREFVARIRSSGTTVYTDSVKGRFSASRDNAKNMGYLQLNSLEPEDTAVYYCAMSRVDTDSPAFYDYWGQGTQVTVST,QVQLVESGGGLVQAGGSLRLSCAVSGRPFSEYNLGWFRQAPGKEREFVARIRSSGTTVYTDSVKGRFSASRDNAKNMGYLQLNSLEPEDTAVYYCAMSRVDTDSPAFYDYWGQGTQVTVST,26-32,52-56,98-110,8im0,2023-06-21,2023,SRVDTDSPAFYDY,0
1796,7ym8_A-D,7ym8,H,A,1-25+33-51+56-96+106-116,QVQLQESGGGLVQAGGSLRLSCAASGNISAHWKMGWYRQAPGKEREFVAGIGYANTNYADSVKGRFTISRDNAKNTVYLQMNSLKPEDTAVYYCAAYSYYRDHSYWGQGTQVTVSS,QVQLQESGGGLVQAGGSLRLSCAASGNISAHWKMGWYRQAPGKEREFVAGIGYANTNYADSVKGRFTISRDNAKNTVYLQMNSLKPEDTAVYYCAAYSYYRDHSYWGQGTQVTVSS,26-32,52-55,97-105,7ym8,2023-07-05,2023,YSYYRDHSY,0
1807,8dp0_A-B,8dp0,H,A,1-25+33-51+57-97+116-125,QVQLVESGGGLVQPGGSLRLSCAASGSIFSINAMGWYRQAPGKQRELVAHITSGGSTNYADSVKGRFTISRDNAKNTVYLQMNSLKPEDTAVYYCNEAGDPFLGSTWNGPPAFGSWGQGTQVTVS,QVQLVESGGGLVQPGGSLRLSCAASGSIFSINAMGWYRQAPGKQRELVAHITSGGSTNYADSVKGRFTISRDNAKNTVYLQMNSLKPEDTAVYYCNEAGDPFLGSTWNGPPAFGSWGQGTQVTVSS,26-32,52-56,98-115,8dp0,2023-07-19,2023,AGDPFLGSTWNGPPAFGS,0
1809,8ghr_B-D,8ghr,H,A,1-24+33-51+58-98+113-123,VQLVESGGGLVQPGGSLRLSCAASGFDIYYSYYIGWVRRAPGKGEELVARISPSYGSTSYADSVKGRFTISADISKNTAYLQMNSLRVEDTAVYYCARFAYPWYVADDALDYWGQGTLVTVSS,EVQLVESGGGLVQPGGSLRLSCAASGFDIYYSYYIGWVRRAPGKGEELVARISPSYGSTSYADSVKGRFTISADISKNTAYLQMNSLRVEDTAVYYCARFAYPWYVADDALDYWGQGTLVTVSS,25-32,52-57,99-112,8ghr,2023-08-02,2023,FAYPWYVADDALDY,0
1811,8c5h_S-N,8c5h,H,A,1-25+33-51+58-98+107-117,EVQLEESGGGLVRPGGSLRLSCAASGFPFSKYFMSWVRQAPGKGLEWVSTISASGNYETYTESVKGRFTIARDNAKNTLYLQMNSLKPEDTAVYYCAKGSWARDMTRGQGTQVTVSS,EVQLEESGGGLVRPGGSLRLSCAASGFPFSKYFMSWVRQAPGKGLEWVSTISASGNYETYTESVKGRFTIARDNAKNTLYLQMNSLKPEDTAVYYCAKGSWARDMTRGQGTQVTVSS,26-32,52-57,99-106,8c5h,2023-08-02,2023,GSWARDMT,0
1817,8b17_A-B,8b17,H,A,1-24+32-50+56-96+112-122,VQLVESGGGLVQAGGSLRLSCAASGPTLSNYAVGWFRQAPGKEREFVAGINWSSGLRYKDVVKGRFTVSRDNVKDTVYLQMNSLKPEDTAVYYCAARFGGMLPLQPSGYANWGQGTQVTVSS,VQLVESGGGLVQAGGSLRLSCAASGPTLSNYAVGWFRQAPGKEREFVAGINWSSGLRYKDVVKGRFTVSRDNVKDTVYLQMNSLKPEDTAVYYCAARFGGMLPLQPSGYANWGQGTQVTVSS,25-31,51-55,97-111,8b17,2023-08-09,2023,RFGGMLPLQPSGYAN,0
1874,8p7w_A-C,8p7w,H,A,1-24+32-50+57-97+113-122,VQLQESGGGLVQPGGSLRLSCAASGFTLGYYAVGWFRQAPGKEREGVSCISSSDGSTYYPDSVKGRFTISRDNAKNTVYLQMNSLKPEDTAVYYCATTVRINNSCKEYQYHGWGQGTQVTVS,QVQLQESGGGLVQPGGSLRLSCAASGFTLGYYAVGWFRQAPGKEREGVSCISSSDGSTYYPDSVKGRFTISRDNAKNTVYLQMNSLKPEDTAVYYCATTVRINNSCKEYQYHGWGQGTQVTVSS,25-31,51-56,98-112,8p7w,2023-08-30,2023,TVRINNSCKEYQYHG,0
1876,8p8a_A-Z,8p8a,H,A,1-25+33-51+58-98+113-121,QVQLQESGGGLVQAGGSLRLSCTASGRTFGSYAMGWFRQAPGKDREFVAAISTTGRSTDNAGSVKGRFTISRDNAKNTVYLQMNSLKPEDTAVYYCAARAQLMDRSRYSYDYWGQGTQVTV,QVQLQESGGGLVQAGGSLRLSCTASGRTFGSYAMGWFRQAPGKDREFVAAISTTGRSTDNAGSVKGRFTISRDNAKNTVYLQMNSLKPEDTAVYYCAARAQLMDRSRYSYDYWGQGTQVTVSS,26-32,52-57,99-112,8p8a,2023-08-30,2023,RAQLMDRSRYSYDY,0
1877,8p8j_A-Z,8p8j,H,A,1-25+33-51+58-98+115-122,QVQLQESGGGLVQAGGSLRLSCAASGRSFSSYTMGWFRQAPGKEREFVAAIKWSGDITKYVDSVKGRFTISRDNSKNTVYLEMNSLKPEDTAVYYCGADNTWVGYPSSRSSMDYWGQGTQVT,QVQLQESGGGLVQAGGSLRLSCAASGRSFSSYTMGWFRQAPGKEREFVAAIKWSGDITKYVDSVKGRFTISRDNSKNTVYLEMNSLKPEDTAVYYCGADNTWVGYPSSRSSMDYWGQGTQVTVSS,26-32,52-57,99-114,8p8j,2023-08-30,2023,DNTWVGYPSSRSSMDY,0
1885,7yub_R-N,7yub,H,A,1-23+32-50+57-97+116-126,QLVESGGGLVQPGGSLRLSCAAPGSRRFDYYTLGWFRQAPGKEREGVSCISTVGGITNYADSVKGRFIISRDNAKSTVYLQMNSLEPEDTAVYYCAAGREMCAPMMLGDYYDMDYWGKGTPVTVSS,QRQLVESGGGLVQPGGSLRLSCAAPGSRRFDYYTLGWFRQAPGKEREGVSCISTVGGITNYADSVKGRFIISRDNAKSTVYLQMNSLEPEDTAVYYCAAGREMCAPMMLGDYYDMDYWGKGTPVTVSS,24-31,51-56,98-115,7yub,2023-09-06,2023,GREMCAPMMLGDYYDMDY,0
1886,7z1x_D-F,7z1x,H,A,1-25+33-51+58-98+113-122,QVQLVETGGGLVQPGGSLRLSCTASGFIFSANQMNWVRQAPGKGLEWLSGISTRGDTTSYADSVKGRFTISRDNAKNTLYLQMNSLQPDDTAVYFCARVCIRGPEPKLRCDDWGQGTQVTVS,QVQLVETGGGLVQPGGSLRLSCTASGFIFSANQMNWVRQAPGKGLEWLSGISTRGDTTSYADSVKGRFTISRDNAKNTLYLQMNSLQPDDTAVYFCARVCIRGPEPKLRCDDWGQGTQVTVSS,26-32,52-57,99-112,7z1x,2023-09-06,2023,VCIRGPEPKLRCDD,0
1891,7z1x_A-B,7z1x,H,A,1-24+32-50+56-96+107-115,VQLVESGGGLVQPGGSLRLSCVDSRSWINVYGANWYRQAPGKERELVAALTSGGTTNYADSVKGRFTISRDNAKNTVYLQMRDLKPEDTAVYYCNLERYTGSSVYPWGQGTQVTV,QVQLVESGGGLVQPGGSLRLSCVDSRSWINVYGANWYRQAPGKERELVAALTSGGTTNYADSVKGRFTISRDNAKNTVYLQMRDLKPEDTAVYYCNLERYTGSSVYPWGQGTQVTVSS,25-31,51-55,97-106,7z1x,2023-09-06,2023,ERYTGSSVYP,0
1908,7zau_G-H,7zau,H,A,1-25+33-51+58-98+114-124,QVQLQESGGGLVQAGGSLRLSCAASGRIFSSTRMGWFRQAPGKDREFIASIVWGTTTTYYVDSVKGRFTISRDNAKNMVFLQMNSLKPEDTAVYYCAAKIYYSGTYLAFNPDYWGQGTQVTVSS,QVQLQESGGGLVQAGGSLRLSCAASGRIFSSTRMGWFRQAPGKDREFIASIVWGTTTTYYVDSVKGRFTISRDNAKNMVFLQMNSLKPEDTAVYYCAAKIYYSGTYLAFNPDYWGQGTQVTVSS,26-32,52-57,99-113,7zau,2023-09-27,2023,KIYYSGTYLAFNPDY,0
1911,8cni_B-C,8cni,H,A,1-25+33-51+58-98+115-124,QVQLVESGGGSVQAGGSLRLSCAASGDIETIWYLGWFRQAPGKEREGVAALSTVTGSTYYADSVKGRFTVSLDNAKNTVYLQMNSLKPEDTALYYCAAAYTGWMAPLWQWVYSYWGQGTQVTVS,QVQLVESGGGSVQAGGSLRLSCAASGDIETIWYLGWFRQAPGKEREGVAALSTVTGSTYYADSVKGRFTVSLDNAKNTVYLQMNSLKPEDTALYYCAAAYTGWMAPLWQWVYSYWGQGTQVTVS,26-32,52-57,99-114,8cni,2023-09-27,2023,AYTGWMAPLWQWVYSY,0
1916,8h64_A-B,8h64,H,A,1-24+32-50+55-95+112-121,VQLVESGGGLVQPGGSLRLSCAASGFTLDRYAIGWFRQAPGKEREGVSVISDTITAYRNSVKGRFTISRDNAKNTVYLQMNRLKPEDTAIYYCAVRDRGRVYSSTWSGFGSWGQGTQVTIS,EVQLVESGGGLVQPGGSLRLSCAASGFTLDRYAIGWFRQAPGKEREGVSVISDTITAYRNSVKGRFTISRDNAKNTVYLQMNRLKPEDTAIYYCAVRDRGRVYSSTWSGFGSWGQGTQVTISS,25-31,51-54,96-111,8h64,2023-10-04,2023,RDRGRVYSSTWSGFGS,0
1917,8h63_A-B,8h63,H,A,1-24+32-50+56-96+109-119,LQLVESGGGLVQAGGSLTVSCAASGSAFSVNVMGWSRQAPGKERELVAGITRRGNTYYADTVKGRFTISRDNAKNTLYLQMNSLKPEDTAMYYCAALADIATMGPNDYWGQGTQVTVSG,ELQLVESGGGLVQAGGSLTVSCAASGSAFSVNVMGWSRQAPGKERELVAGITRRGNTYYADTVKGRFTISRDNAKNTLYLQMNSLKPEDTAMYYCAALADIATMGPNDYWGQGTQVTVSG,25-31,51-55,97-108,8h63,2023-10-04,2023,LADIATMGPNDY,0
1918,8g0w_F-H,8g0w,H,A,1-25+33-51+57-97+110-115,QVKLQQSGGGLVQPGGSLRLSCAASESTISINTLGWYRQAPGNQRELVATITTGGTTNYADSVKGRFTISRDNAKNTVYLQMNNLEPGDTAVYYCNLKRRDLQSRFGGYWGQGTQ,QVKLQQSGGGLVQPGGSLRLSCAASESTISINTLGWYRQAPGNQRELVATITTGGTTNYADSVKGRFTISRDNAKNTVYLQMNNLEPGDTAVYYCNLKRRDLQSRFGGYWGQGTQVTVSS,26-32,52-56,98-109,8g0w,2023-10-04,2023,KRRDLQSRFGGY,0
1925,8c9x_E-J,8c9x,H,A,1-25+33-51+58-98+112-120,QVQLVESGGGLVQAGGSLKLSCAASGFTFAHYAMVWFRQAPGKEREFVAGISWSGASTYYASSVKGRFTISRDNAKNTVYLQMNSLKPEDTAVYYVAAARFGVGVDDDYSYWGQGTQVTV,QVQLVESGGGLVQAGGSLKLSCAASGFTFAHYAMVWFRQAPGKEREFVAGISWSGASTYYASSVKGRFTISRDNAKNTVYLQMNSLKPEDTAVYYVAAARFGVGVDDDYSYWGQGTQVTVSS,26-32,52-57,99-111,8c9x,2023-10-11,2023,ARFGVGVDDDYSY,0
1938,8ce4_D-I,8ce4,H,A,1-25+33-51+58-98+114-122,AVQLQASGGGLVQAGDSLRLSCAASGGTFSHYAVGWFRQAPGKEREFVAAISWSGRSTSFANSVKGRFTISRDSAKNTAYLQMNNLKPEDTAVYCCAPARFGTGSAARDEYDDCGQGTQVTV,AVQLQASGGGLVQAGDSLRLSCAASGGTFSHYAVGWFRQAPGKEREFVAAISWSGRSTSFANSVKGRFTISRDSAKNTAYLQMNNLKPEDTAVYCCAPARFGTGSAARDEYDDCGQGTQVTVSS,26-32,52-57,99-113,8ce4,2023-10-11,2023,ARFGTGSAARDEYDD,0
1956,8et0_A-C,8et0,H,A,1-25+33-51+57-97+108-116,QVQLQESGGGLVQPGGSLRLSCAASGSIFSIREWGWYRQAPGKQRELVATITSGGTTNYADSVRGRFTISRDNAKDTVYLQMNSLTPEDTAVYYCNAESDGWYGLSYWGQGTQVTV,QVQLQESGGGLVQPGGSLRLSCAASGSIFSIREWGWYRQAPGKQRELVATITSGGTTNYADSVRGRFTISRDNAKDTVYLQMNSLTPEDTAVYYCNAESDGWYGLSYWGQGTQVTVGP,26-32,52-56,98-107,8et0,2023-10-18,2023,ESDGWYGLSY,0
1961,8eln_A-C,8eln,H,A,1-25+33-51+57-97+109-118,QVKLQESGGGLVQPGGSLRLSCASSVPIFAITVMGWYRQAPGKQRELVAGIKRSGDTNYADSVKGRFTISRDDAKNTVFLQMNSLTTEDTAVYYCNAQILSWMGGTDYWGQGTQVTVS,QVKLQESGGGLVQPGGSLRLSCASSVPIFAITVMGWYRQAPGKQRELVAGIKRSGDTNYADSVKGRFTISRDDAKNTVFLQMNSLTTEDTAVYYCNAQILSWMGGTDYWGQGTQVTVSS,26-32,52-56,98-108,8eln,2023-10-18,2023,QILSWMGGTDY,0
1974,8be2_S-N,8be2,H,A,1-25+33-51+57-97+107-116,QVQLVESGGGLVQPGGSLRLSCAASRSISSINIMGWYRQAPGKERESVASHTRDGSTDYADSVKGRFTISRDNAKNTVYLQMNSLKPEDTAVYYCTTLTGFPRIRSWGQGTQVTVS,QVQLVESGGGLVQPGGSLRLSCAASRSISSINIMGWYRQAPGKERESVASHTRDGSTDYADSVKGRFTISRDNAKNTVYLQMNSLKPEDTAVYYCTTLTGFPRIRSWGQGTQVTVSS,26-32,52-56,98-106,8be2,2023-11-01,2023,LTGFPRIRS,0
1981,8hbj_A-F,8hbj,H,A,1-25+33-51+58-98+115-125,QVQLQESGGGLVQAGDSLRLSCVPSVRTSDNYIMGWFRQPPGKEREFVAAIRRSDGTTKYAASVKGRFAISRDVAKNAAYLQMNSLKAEDTAVYYCAAKYQSTFYSTMDVQYDYWGQGTQVTVSS,QVQLQESGGGLVQAGDSLRLSCVPSVRTSDNYIMGWFRQPPGKEREFVAAIRRSDGTTKYAASVKGRFAISRDVAKNAAYLQMNSLKAEDTAVYYCAAKYQSTFYSTMDVQYDYWGQGTQVTVSS,26-32,52-57,99-114,8hbj,2023-11-01,2023,KYQSTFYSTMDVQYDY,0
1984,8opr_A-C,8opr,H,A,1-25+33-51+58-98+117-125,QVQLVESGGGLVQAGGSLRLSCVASGGTFSNYGMGWFRQAPGKEREFVAAVRWSGDSTYYSDSVKGRFTISRDNAKNTVYLQMNGLKPEDTAVYYCARRLNWRFISNWDKESEYAYWGQGTQVTV,QVQLVESGGGLVQAGGSLRLSCVASGGTFSNYGMGWFRQAPGKEREFVAAVRWSGDSTYYSDSVKGRFTISRDNAKNTVYLQMNGLKPEDTAVYYCARRLNWRFISNWDKESEYAYWGQGTQVTVSS,26-32,52-57,99-116,8opr,2023-11-08,2023,RLNWRFISNWDKESEYAY,0
1985,8opr_A-B,8opr,H,A,1-25+33-51+57-97+111-120,QVQLVESGGGLVQPGGSLRLSCAASGIAFSRNAVGWYRQAPGKQRELVARSNTVGATNYADSVKGRFTISRDNDKSTVYLQMNSLKPEDTAVYYCNIYLYGDRTGSTLNSWGQGTQVTVS,QVQLVESGGGLVQPGGSLRLSCAASGIAFSRNAVGWYRQAPGKQRELVARSNTVGATNYADSVKGRFTISRDNDKSTVYLQMNSLKPEDTAVYYCNIYLYGDRTGSTLNSWGQGTQVTVSS,26-32,52-56,98-110,8opr,2023-11-08,2023,YLYGDRTGSTLNS,0
2026,8qot_A-B,8qot,H,A,1-25+33-51+57-97+113-123,QVQLVESGGGLVQAGGSLRLSCAASGSISSISTMGWYRQAPGKERELVAAITSGGSTNYADSVKGRFTISRDNAKNTVYLQMNSLKPEDTAVYYCNFKYYSGSYFYKSEYDYWGKGTPVTVSS,QVQLVESGGGLVQAGGSLRLSCAASGSISSISTMGWYRQAPGKERELVAAITSGGSTNYADSVKGRFTISRDNAKNTVYLQMNSLKPEDTAVYYCNFKYYSGSYFYKSEYDYWGKGTPVTVSS,26-32,52-56,98-112,8qot,2023-12-27,2023,KYYSGSYFYKSEYDY,0
2100,8ozb_E-C,8ozb,H,A,1-23+31-49+55-95+108-117,QLVESGGGLVQAGGSLRLSCVGTGNISSAYTMAWYRQAAGKEREVVAGILNGGSTHYADSVKGRFTISRDNAKNTVYLQMNSLQPEDTGVYCCHVVIESTRFVYDHYWGQGTRVTVS,QLVESGGGLVQAGGSLRLSCVGTGNISSAYTMAWYRQAAGKEREVVAGILNGGSTHYADSVKGRFTISRDNAKNTVYLQMNSLQPEDTGVYCCHVVIESTRFVYDHYWGQGTRVTVS,24-30,50-54,96-107,8ozb,2024-02-28,2024,VIESTRFVYDHY,0
2113,8pyr_A-D,8pyr,H,A,1-25+33-51+58-98+105-114,QVQLVESGGGLVQPGGSLRLSCVASGFTFKNFYMGWVRQAPDKGLEWVATINSGGEIQSYADSVKGRFTISRDNAKNTLYLQMNNLRPEDTAVYYCSKQSSTPAKGQGTQVTVS,QVQLVESGGGLVQPGGSLRLSCVASGFTFKNFYMGWVRQAPDKGLEWVATINSGGEIQSYADSVKGRFTISRDNAKNTLYLQMNNLRPEDTAVYYCSKQSSTPAKGQGTQVTVSS,26-32,52-57,99-104,8pyr,2024-03-06,2024,QSSTPA,0
2121,8f6v_D-B,8f6v,H,A,1-24+31-49+55-95+114-122,VQLVESGGGLVQPGGSLRLSCEATGNFDDRGIGWFRQAPGKEREGIACITTRGRTHYAESVEGRFTISTDIANNAVYLQMNSLKPEDTAVYYCAKAIRLTTDRTQCVAFPGVSWGRGTQVTV,EVQLVESGGGLVQPGGSLRLSCEATGNFDDRGIGWFRQAPGKEREGIACITTRGRTHYAESVEGRFTISTDIANNAVYLQMNSLKPEDTAVYYCAKAIRLTTDRTQCVAFPGVSWGRGTQVTVSS,25-30,50-54,96-113,8f6v,2024-03-13,2024,AIRLTTDRTQCVAFPGVS,0
2123,8f6u_D-B,8f6u,H,A,1-22+30-48+58-98+114-124,LVESGGGLVPAGGSLRLSCTTSERAFRSNAMGWFRQAPGKEREFVAAVSVLSWSGDSAVVADSVAGRFTIFRDNAKNTVYLQMNSLKPEDTAVYYCNGASDIGALQSGASSWSWGHGTQVTVSS,EVQLVESGGGLVPAGGSLRLSCTTSERAFRSNAMGWFRQAPGKEREFVAAVSVLSWSGDSAVVADSVAGRFTIFRDNAKNTVYLQMNSLKPEDTAVYYCNGASDIGALQSGASSWSWGHGTQVTVSS,23-29,49-57,99-113,8f6u,2024-03-13,2024,ASDIGALQSGASSWS,0
2125,8evd_L-J,8evd,H,A,1-24+32-50+60-100+116-126,VQLVESGGGLVQAGGSLRLTCAASAGSFRGYAMGWFRQAPGKEREFVAAVSVLTWSGDSTNIADSVKGRFTIFRDTAKNTVYLQMNSLKPEDTAVYYCNGASEIGALQSGASLWSWGQGTQVTVSS,EVQLVESGGGLVQAGGSLRLTCAASAGSFRGYAMGWFRQAPGKEREFVAAVSVLTWSGDSTNIADSVKGRFTIFRDTAKNTVYLQMNSLKPEDTAVYYCNGASEIGALQSGASLWSWGQGTQVTVSS,25-31,51-59,101-115,8evd,2024-03-13,2024,ASEIGALQSGASLWS,0
2131,8g0i_A-D,8g0i,H,A,1-25+33-51+57-97+106-116,DVQLVESGGGLVQPGGSLRLSCAASGEIASIIAIGWYRQAPGKQRESVALITRSGMITYGDSAQGRFTISRDDAKNTVYLHMDDLVPEDTAVYYCNAKKVSFGDYWGQGTQVTVSG,DVQLVESGGGLVQPGGSLRLSCAASGEIASIIAIGWYRQAPGKQRESVALITRSGMITYGDSAQGRFTISRDDAKNTVYLHMDDLVPEDTAVYYCNAKKVSFGDYWGQGTQVTVSG,26-32,52-56,98-105,8g0i,2024-03-20,2024,KKVSFGDY,0
2132,8jtx_A-B,8jtx,H,A,1-23+31-49+55-95+110-118,QLQESGGGLVQAGGSLRLSCAASGTIFYYEIMGWYRQAPGKEREFVATIDQGGITNYADSVKGRFTISRDNAKNTVYLQMNSLKPEDTAVYYCAVPDVFVGRGWDYLIYWGQGTQVTV,QVQLQESGGGLVQAGGSLRLSCAASGTIFYYEIMGWYRQAPGKEREFVATIDQGGITNYADSVKGRFTISRDNAKNTVYLQMNSLKPEDTAVYYCAVPDVFVGRGWDYLIYWGQGTQVTVSS,24-30,50-54,96-109,8jtx,2024-03-27,2024,PDVFVGRGWDYLIY,0
2135,8pnv_I-L,8pnv,H,A,1-23+31-49+56-96+106-116,QLVESGGGLVQAGGSLRLSCTGSGRAFVTPAVGWFRQAPGKEREFVGTINWSGSHTSYADPVKGRFTISRDNAKETVYLQMNNLKPEDADVYYCASRGVSGRYEYWGKGTPVTVSS,QGQLVESGGGLVQAGGSLRLSCTGSGRAFVTPAVGWFRQAPGKEREFVGTINWSGSHTSYADPVKGRFTISRDNAKETVYLQMNNLKPEDADVYYCASRGVSGRYEYWGKGTPVTVSS,24-30,50-55,97-105,8pnv,2024-04-03,2024,RGVSGRYEY,0
2146,8pij_A-B,8pij,H,A,1-25+33-51+58-98+117-126,QLQLVESGGGLVQPGGSLRLSCASSGFRSDYYAIVWFRQAPGKEREGVSCISTSGKTTIYADSVKGRFTISRDNAKNTVYLQMNSLKPEDTAVYYCAADFRGSRLSDVCSYSSMDYWGKGTLATVS,QLQLVESGGGLVQPGGSLRLSCASSGFRSDYYAIVWFRQAPGKEREGVSCISTSGKTTIYADSVKGRFTISRDNAKNTVYLQMNSLKPEDTAVYYCAADFRGSRLSDVCSYSSMDYWGKGTLATVS,26-32,52-57,99-116,8pij,2024-04-03,2024,DFRGSRLSDVCSYSSMDY,0
2149,8pjp_A-C,8pjp,H,A,1-25+33-51+58-98+116-125,QLQLVESGGGLVQPGGSLRLSCAASGFTLDQYAIGWFRQAPGKEREGVSCISSRGGATNYAHSVKGRFTISRDNAKNTVYLQMNSLKPEDTAVYYCAAGVYTIVTGTGPEDGMDYWGKGTLVTVS,QLQLVESGGGLVQPGGSLRLSCAASGFTLDQYAIGWFRQAPGKEREGVSCISSRGGATNYAHSVKGRFTISRDNAKNTVYLQMNSLKPEDTAVYYCAAGVYTIVTGTGPEDGMDYWGKGTLVTVSS,26-32,52-57,99-115,8pjp,2024-04-03,2024,GVYTIVTGTGPEDGMDY,0
2166,8sne_A-C,8sne,H,A,1-25+33-51+57-97+112-122,QVQLVESGGGSVQPGESLRLSCQASGRIVDVNDMAWYRQAPGKQRELVARIARGGSTHYGDSAWGRFTISRDNTRNTVYLQMTSLNVEDTAVYYCNGEVKVGTRLSPFRTYWGRGTQVTVSS,QVQLVESGGGSVQPGESLRLSCQASGRIVDVNDMAWYRQAPGKQRELVARIARGGSTHYGDSAWGRFTISRDNTRNTVYLQMTSLNVEDTAVYYCNGEVKVGTRLSPFRTYWGRGTQVTVSS,26-32,52-56,98-111,8sne,2024-05-01,2024,EVKVGTRLSPFRTY,0
2169,8oud_C-F,8oud,H,A,1-25+33-51+57-97+106-115,QVQLVESGGGLVQPGGSLRLSCAASGSIFRLDAMGWYRQAPGKQRELVAVIRSGGSTDYGDSVKGRFTISRDNAKNTVYLQMNSLKPEDTAVYYCNAVQILKTIYWGQGTQVTVS,QVQLVESGGGLVQPGGSLRLSCAASGSIFRLDAMGWYRQAPGKQRELVAVIRSGGSTDYGDSVKGRFTISRDNAKNTVYLQMNSLKPEDTAVYYCNAVQILKTIYWGQGTQVTVSS,26-32,52-56,98-105,8oud,2024-05-01,2024,VQILKTIY,0
2176,8pih_A-C,8pih,H,A,1-25+33-51+57-97+107-117,QVQLVETGGGLVQAGGSLRLSCATSGTIFSRATMAWYRQTPGKQREWVTTITTSGNTNYADSVKGRFTISRDNAESTLYLQMNSLKPEDTAVYYCNAQFLSSRTNYWGKGTQVTVSS,QVQLVETGGGLVQAGGSLRLSCATSGTIFSRATMAWYRQTPGKQREWVTTITTSGNTNYADSVKGRFTISRDNAESTLYLQMNSLKPEDTAVYYCNAQFLSSRTNYWGKGTQVTVSS,26-32,52-56,98-106,8pih,2024-05-08,2024,QFLSSRTNY,0
2181,8tnh_C-H,8tnh,H,A,1-25+33-51+58-98+115-125,QVQLQESGGGSVQPGGSLRLSCAVSGLDVESVTIGWIRQAPGKEREEVGCISGNFDQTYYVDSVKGRFTISRVNEENTVYLQMDNLKPEDTATYYCVTDRQFYCALHRLPVSQYRGQGTQVTVSS,QVQLQESGGGSVQPGGSLRLSCAVSGLDVESVTIGWIRQAPGKEREEVGCISGNFDQTYYVDSVKGRFTISRVNEENTVYLQMDNLKPEDTATYYCVTDRQFYCALHRLPVSQYRGQGTQVTVSS,26-32,52-57,99-114,8tnh,2024-05-08,2024,DRQFYCALHRLPVSQY,0
